{
    "f1_macro": 0.4573462481036294,
    "f1_micro": 0.46405228758169936
}