{
    "f1_macro": 0.3745479285279478,
    "f1_micro": 0.38311688311688313
}