{
    "f1_macro": 0.43630472577841,
    "f1_micro": 0.43278688524590164
}