{
    "f1_macro": 0.3921004060538944,
    "f1_micro": 0.39999999999999997
}