{
    "f1_macro": 0.5042111451468176,
    "f1_micro": 0.5133333333333333
}