{
    "f1_macro": 0.32800204394481347,
    "f1_micro": 0.3264094955489614
}