{
    "f1_macro": 0.5516959064327486,
    "f1_micro": 0.5655172413793104
}