{
    "f1_macro": 0.35794203848583733,
    "f1_micro": 0.36245954692556637
}