{
    "f1_macro": 0.3694170771756979,
    "f1_micro": 0.3701298701298701
}