{
    "f1_macro": 0.46274808931963324,
    "f1_micro": 0.4585987261146497
}