{
    "f1_macro": 0.5085154955123995,
    "f1_micro": 0.511326860841424
}