{
    "f1_macro": 0.4940796180052578,
    "f1_micro": 0.49504950495049505
}