{
    "f1_macro": 0.554063932353406,
    "f1_micro": 0.5704225352112676
}