{
    "f1_macro": 0.42007290954659376,
    "f1_micro": 0.42996742671009774
}