{
    "f1_macro": 0.52045159194282,
    "f1_micro": 0.5231788079470199
}