{
    "f1_macro": 0.3362779156327543,
    "f1_micro": 0.37383177570093457
}