{
    "f1_macro": 0.4241930584035847,
    "f1_micro": 0.4364820846905538
}