{
    "f1_macro": 0.5612242959703547,
    "f1_micro": 0.5774647887323944
}