{
    "f1_macro": 0.5510385478679708,
    "f1_micro": 0.5833333333333334
}