{
    "f1_macro": 0.5502508051447442,
    "f1_micro": 0.5793103448275863
}