{
    "f1_macro": 0.42966944328105855,
    "f1_micro": 0.43934426229508194
}