{
    "f1_macro": 0.47339800117577896,
    "f1_micro": 0.43781094527363185
}