{
    "f1_macro": 0.42290959466175987,
    "f1_micro": 0.42953020134228187
}