{
    "f1_macro": 0.474750601995184,
    "f1_micro": 0.47021943573667707
}